<?xml version="1.0" encoding="UTF-8" ?>
<!DOCTYPE mapper
  PUBLIC "-//mybatis.org//DTD Mapper 3.0//EN"
  "http://mybatis.org/dtd/mybatis-3-mapper.dtd">
  
<mapper namespace="com.chefood.biz.party">
	<select id="selectPartyLatLng" resultType="partyVO" parameterType="map">
		SELECT PARTY_SEQ, CHEF_ID, PARTY_LAT, PARTY_LNG, PARTY_MENU, TO_CHAR(PARTY_TIME, 'yyyy-mm-dd hh24:mm') party_time
		FROM PARTY
		<where>
		<choose>
			<when test="term == null">
				TO_DATE(PARTY_TIME, 'yyyy-mm-dd hh24:mi') >= TO_DATE(SYSDATE, 'yyyy-mm-dd hh24:mi')
			</when>
			<when test="term != null">
				PARTY_TIME BETWEEN SYSDATE AND to_date(#{term}, 'yyyy-mm-dd hh24:mi')
			</when>
		</choose>
		</where>
	</select>
	
	<!-- user_id로 파티 정보 가져오기 -->
	<select id="selectPartyList" parameterType="userVO" resultType="partyVO">
		SELECT * 
		FROM PARTY
		<if test="user_id != null">
		WHERE CHEF_ID=#{user_id}
		</if>
		ORDER BY PARTY_TIME DESC
	</select>
	
	<!-- party_register table에서 user_id로 파티 신청자 조회  -->
	<select id="selectPartyParticipant" parameterType="partyVO" resultType="userVO">
		SELECT USER_ID, USER_NAME, USER_GENDER, USER_BIRTHDATE, USER_PHONE, ACCEPT
		FROM PARTY_REGISTER, USERS
		WHERE PARTY_REGISTER.APPLICANT_ID = USERS.USER_ID
		AND PARTY_SEQ=#{party_seq}
	</select>
	
	<!-- party_regiter 테이블에서 user_id로 신청 수락/거절 -->
	<update id="updateAcceptParticipant" parameterType="regiVO">
		UPDATE PARTY_REGISTER
		SET ACCEPT=#{accept}
		WHERE PARTY_SEQ=#{party_seq} AND applicant_id=#{applicant_id}
	</update>
	
	<!-- party 테이블에서 파티 정보 가져오기 -->
	<select id="selectPartyInfo" parameterType="regiVO" resultType="partyVO">
		SELECT PARTY_SEQ, CHEF_ID, PARTY_ADDRESS, PARTY_MENU, TO_CHAR(PARTY_TIME, 'yyyy-mm-dd hh:mm') party_time, PARTY_MAXPEOPLE, PARTY_NOWPEOPLE
		FROM PARTY
		WHERE PARTY_SEQ=#{party_seq}
	</select>
	
	<!-- party_register 테이블에서 파티 신청을 했는지 가져오기 -->
	<select id="selectRegisterInfo" parameterType="regiVO" resultType="regiVO">
		SELECT * 
		FROM PARTY_REGISTER
		WHERE PARTY_SEQ=#{party_seq} AND APPLICANT_ID=#{applicant_id}
	</select>
	
	<!-- party_seq로 maxpeople 가져오기 -->
	<select id="selectMaxPeople" parameterType="partyVO" resultType="int">
		SELECT PARTY_MAXPEOPLE
		FROM PARTY
		WHERE PARTY_SEQ=#{party_seq}
	</select>
	
	<!-- party_seq로 NOWpeople 가져오기 -->
	<select id="selectNowPeople" parameterType="partyVO" resultType="int">
		SELECT PARTY_NOWPEOPLE
		FROM PARTY
		WHERE PARTY_SEQ=#{party_seq}
	</select>
	
	<!-- 파티 신청 -->
	<insert id="insertParticipateInfo" parameterType="partyVO">
		INSERT INTO PARTY_REGISTER
		VALUES(#{chef_id}, #{party_seq}, 1)
	</insert>
	
	<!-- party 테이블에서 nowPeople을 업데이트 -->
	<update id="updateNowPeople" parameterType="partyVO">
		UPDATE PARTY
		SET PARTY_NOWPEOPLE=#{party_nowPeople}
		WHERE PARTY_SEQ=#{party_seq}
	</update>
	
	<!-- 신청 취소 -->
	<delete id="deleteParticipateInfo" parameterType="partyVO">
		DELETE FROM PARTY_REGISTER
		WHERE PARTY_SEQ=#{party_seq} AND APPLICANT_ID=#{chef_id}
	</delete>
	
	<!-- 파티 등록 -->
	<insert id="insertNewParty" parameterType="partyVO">
		INSERT INTO PARTY
		VALUES(SEQ_PARTY_SEQ.NEXTVAL, #{chef_id}, #{party_address}, #{party_lng}, #{party_lat}, #{party_menu}, #{party_maxPeople}, 0, to_date(#{party_time}, 'yyyy-mm-dd hh24:mi'))
	</insert>
</mapper>