<?xml version="1.0" encoding="UTF-8" ?>
<!DOCTYPE configuration
  PUBLIC "-//mybatis.org//DTD Config 3.0//EN"
  "http://mybatis.org/dtd/mybatis-3-config.dtd">
  
<configuration>
	<typeAliases>
		<typeAlias type="com.chefood.biz.party.vo.PartyVO" alias="partyVO"/>
		<typeAlias type="com.chefood.biz.party.vo.Party_registerVO" alias="regiVO"/>
		<typeAlias type="com.chefood.biz.user.vo.UserVO" alias="userVO"/>
	</typeAliases>
	
	<mappers>
		<mapper resource="mappings/partyMapper.xml"/>
		<mapper resource="mappings/userMapper.xml"/>
	</mappers>
	
</configuration>